[{"title":"Red Squirrels Steal Acorns | Wild Nordic","href":"https://facebook.com/1117160098338808/videos/562205621166214/"},{"title":"How to make traditional cow Bells","href":"https://facebook.com/1117160098338808/videos/1028383524201337/"},{"title":"Big Moment For Lion Cubs - Big Cat Tales","href":"https://facebook.com/1117160098338808/videos/881121645672183/"},{"title":"Extreme Animals In Hindi On Net Geo Wild","href":"https://facebook.com/1117160098338808/videos/247235959606909/"},{"title":"Snow Leopard Makes a Kill - Wild Cats of India- Big Cat Kingdom","href":"https://facebook.com/1117160098338808/videos/614170495827210/"},{"title":"You will cry 100% if you love ANIMALS","href":"https://facebook.com/1117160098338808/videos/2589548731320856/"},{"title":"The Fierce Love Of Animals In Nature - Animal Matting","href":"https://facebook.com/1117160098338808/videos/191757948555044/"},{"title":"Mad Animals - SP01","href":"https://facebook.com/1117160098338808/videos/575532589890178/"},{"title":"5 Most Beautiful Snakes In The World","href":"https://facebook.com/1117160098338808/videos/1427458924094186/"},{"title":"Beautiful snake in the world | दुनिया कि खूबसूरत साँप","href":"https://facebook.com/1117160098338808/videos/607903116621947/"},{"title":"Smart Animals Compilation","href":"https://facebook.com/1117160098338808/videos/1736721929764181/"},{"title":"Giant Coconut Crabs - Wildest Islands Of Indonesia","href":"https://facebook.com/1117160098338808/videos/2419384708340911/"},{"title":"Mad Aninamls #2","href":"https://facebook.com/1117160098338808/videos/2202616180028649/"},{"title":"Extreme Pets – Do Not Try This at Home","href":"https://facebook.com/1117160098338808/videos/830083450660554/"},{"title":"Sloths - Wildest Latin America","href":"https://facebook.com/1117160098338808/videos/391626694743143/"},{"title":"Life of turtle","href":"https://facebook.com/1117160098338808/videos/2312003895697633/"},{"title":"Prairie Dogs - North America","href":"https://facebook.com/1117160098338808/videos/614804632292041/"},{"title":"DIVERS ATTEMPT RESCUE OF WHALE SHARKS CAUGHT IN GIANT FISHING NET 😭🐋🦈","href":"https://facebook.com/1117160098338808/videos/2297220030296967/"},{"title":"Mad Animals !","href":"https://facebook.com/1117160098338808/videos/2031946486848521/"},{"title":"People and Wild Animals","href":"https://facebook.com/1117160098338808/videos/491863464616630/"},{"title":"Unbelievable Unlikely Animal Friendships","href":"https://facebook.com/1117160098338808/videos/539786989814855/"},{"title":"The Beauty of Snakes Animal planet in Hindi Live","href":"https://facebook.com/1117160098338808/videos/182965322599150/"},{"title":"kungfu husky!!!","href":"https://facebook.com/1117160098338808/videos/467036023811635/"}]